{
  "name": "Mohit Bhole",
  "maintitle": "Software Engineer",
  "homehellointro": "I'm Mohit",
  "homeprofilepiclink": "profile_home.png",
  "homeintro": "I am studying MS in Computer Science at the University of Texas at Dallas and will graduate in Summer 2022 with a concentration in Intelligent Systems.",
  "homeexperienceintro": "Here's my skills and experiences. Check them out!",
  "identifiers": [
    {
      "title": "A Software Developer_"
    },
    {
      "title": "A Problem-Solver_"
    },
    {
      "title": "A Critical Thinker_"
    },
    {
      "title": "An Innovator_"
    }
  ],
  "numskilllogos": 14,
  "experience": [
    {
      "positiontitle": "Software Developer Intern",
      "company": "Homecare Software Solutions, Frisco TX",
      "timeperiod": "May 2021 - Dec 2021",
      "bullet1": "• Monitored server events, KAFKA processing lags and fixed/reprocessed issues in SQL server database to maintain server health.",
      "bullet2": ""
    },
    {
      "positiontitle": "Computer Science Grader",
      "company": "The University of Texas at Dallas",
      "timeperiod": "Feb 2021 – May 2021",
      "bullet1": "• Analyzed and graded programming projects in Data Structures and Algorithms.",
      "bullet2": ""
    },
    {
      "positiontitle": "Mobile Developer Intern",
      "company": "Automatic Infotech, Pune",
      "timeperiod": "June 2019 – July 2019",
      "bullet1": "• Designed and developed cross-platform mobile applications for Employee Self Service and Ticket Management System.",
      "bullet2": "• Used Scrum software process to evolve basic application and include features as required."
    }
  ],
  "projectsheadline": "My Projects",
  "projectsintro": "Here are some of my solo and team programming projects",
  "projects": [
    {
      "title": "Sensory Cuff",
      "medialink": "Sensory Devices.mp4",
      "mediaorientation": "portrait",
      "projecturl": "https://sites.utdallas.edu/epics-autism-center/updates/",
      "description": "A mobile application built to control a remotely inflatable pressure cuff I made with Arduino to calm autistic students experiencing a sensory overload. The prototype is being tested, and teams are still working to build this. "
    },
    {
      "title": "This Portfolio Website!",
      "projecturl": "https://github.com/moiiiiit/angular-portfolio",
      "description": "Hosted on firebase and written in Angular, this website is open source for you to use and make a portfolio for yourself! You do not need any programming experience. Good luck!"
    },
    {
      "title": "Medila",
      "projecturl": "https://github.com/anoopsonar30/Medila",
      "medialink": "2.mp4",
      "mediaorientation": "portrait",
      "description": "A virtual patient consultation application frontend to help doctors look after patients from home during the coronavirus pandemic."
    },
    {
      "title": "SupplyShare",
      "projecturl": "https://github.com/moiiiiit/supply-sharing-app",
      "medialink": "3.mp4",
      "mediaorientation": "portrait",
      "description": "An ecommerce mobile application that allows users to buy items from bulk stores and split them later by getting a driver to deliver the items to them."
    },
    {
      "title": "FitnessApp",
      "projecturl": "https://github.com/moiiiiit/fitnessApp",
      "medialink": "4.mp4",
      "mediaorientation": "portrait",
      "description": "A quick flutter-built fitness tracker app I built to demonstrate my skills to a potential employer in Pune, India."
    },
    {
      "title": "My ReactJS Portfolio",
      "imglink": "React-Portfolio.png",
      "mediaorientation": "landscape",
      "projecturl": "https://mohitbhole.com/alt-portfolio",
      "description": "A little more quirky than this portfolio."
    },
    {
      "title": "Machine Learning Control of Transistor Load-Pull Simulation",
      "company": "For Qorvo - as part of UTD CS Capstone",
      "description": "An automation to simulate radio frequency circuits with different parameters and generate Smith chart using a ML model with 99.8% accuracy."
    },
    {
      "title": "Walk Me Amadeus",
      "projecturl": "https://github.com/jaymspeights/HackUTA18",
      "company": "HackUTA WINNER Best use of HERE-API",
      "description": "Developed a Crowd sourced web-based non-roadway based navigation app using heat-based algorithms. Useful for campuses and hiking trails."
    },
    {
      "title": "NEAT Webserver API",
      "projecturl": "https://github.com/moiiiiit/NEATWebserver",
      "description": "Developed a Python based server-side code to run an API to train a neural network on multiple computers simultaneously."
    }
  ],
  "resumeiframesrc": "https://onedrive.live.com/embed?cid=38128077D4A08E1D&resid=38128077D4A08E1D%211072&authkey=ACCnR7RrisBRyoQ&em=2",
  "resumeiframeresourceurl": "width=\"476\" height=\"288\" frameborder=\"0\" scrolling=\"no\"",
  "contactinstagramlink": "https://www.instagram.com/moiiiiit/",
  "contactvscolink": "https://vsco.co/moiiiiit/gallery",
  "aboutnormal": "I am a Master's student studying Computer Science at the University of Texas at Dallas actively seeking full time jobs starting August 2022. I am an international student. My primary interests in the field of Computer Science are Machine Learning and Software Development. My passion for this has been very much aroused by hackathons and project experiences throughout college . I know JavaScript, Java, and Python and have a functional understanding of C#, HTML, Bash and GoLang. My technical and conceptual interests lie in web-development, app-development, and machine learning applications in everyday life.",
  "aboutlight": "My college GPA is 3.8/4.0 and my undergraduate GPA was 3.8/4.0 at the same university.",
  "aboutprofilepicdesc": "This is me in my graudation robe!",
  "aboutcasualnormal": "In my free time, I enjoy Rock Climbing, playing Valorant, Volunteering with campus organizations, Hiking and Travelling. Feel free to connect with me and send a message. I'll be very happy to talk!",
  "contactlinkedinlink": "https://www.linkedin.com/in/mohitbhole/",
  "contactemaillink": "mailto:mohitbhole@outlook.com",
  "contactgithublink": "https://www.github.com/moiiiiit",
  "altportfoliolink": "https://mohitbholeportfolio.web.app/",
  "contactemail": "mohitbhole@outlook.com"
}
